[
  { "country": "Afghanistan", "code": "AFN", "symbol": "؋", "iso2": "AF", "name": "Afghan Afghani" },
  { "country": "Albania", "code": "ALL", "symbol": "L", "iso2": "AL", "name": "Albanian Lek" },
  { "country": "Algeria", "code": "DZD", "symbol": "د.ج", "iso2": "DZ", "name": "Algerian Dinar" },
  { "country": "Andorra", "code": "EUR", "symbol": "€", "iso2": "AD", "name": "Euro" },
  { "country": "Angola", "code": "AOA", "symbol": "Kz", "iso2": "AO", "name": "Angolan Kwanza" },
  { "country": "Antigua and Barbuda", "code": "XCD", "symbol": "$", "iso2": "AG", "name": "East Caribbean Dollar" },
  { "country": "Argentina", "code": "ARS", "symbol": "$", "iso2": "AR", "name": "Argentine Peso" },
  { "country": "Armenia", "code": "AMD", "symbol": "֏", "iso2": "AM", "name": "Armenian Dram" },
  { "country": "Australia", "code": "AUD", "symbol": "$", "iso2": "AU", "name": "Australian Dollar" },
  { "country": "Austria", "code": "EUR", "symbol": "€", "iso2": "AT", "name": "Euro" },
  { "country": "Azerbaijan", "code": "AZN", "symbol": "₼", "iso2": "AZ", "name": "Azerbaijani Manat" },
  { "country": "Bahamas", "code": "BSD", "symbol": "$", "iso2": "BS", "name": "Bahamian Dollar" },
  { "country": "Bahrain", "code": "BHD", "symbol": ".د.ب", "iso2": "BH", "name": "Bahraini Dinar" },
  { "country": "Bangladesh", "code": "BDT", "symbol": "৳", "iso2": "BD", "name": "Bangladeshi Taka" },
  { "country": "Barbados", "code": "BBD", "symbol": "$", "iso2": "BB", "name": "Barbadian Dollar" },
  { "country": "Belarus", "code": "BYN", "symbol": "Br", "iso2": "BY", "name": "Belarusian Ruble" },
  { "country": "Belgium", "code": "EUR", "symbol": "€", "iso2": "BE", "name": "Euro" },
  { "country": "Belize", "code": "BZD", "symbol": "$", "iso2": "BZ", "name": "Belize Dollar" },
  { "country": "Benin", "code": "XOF", "symbol": "Fr", "iso2": "BJ", "name": "West African Franc" },
  { "country": "Bhutan", "code": "BTN", "symbol": "Nu.", "iso2": "BT", "name": "Bhutanese Ngultrum" },
  { "country": "Bolivia", "code": "BOB", "symbol": "Bs.", "iso2": "BO", "name": "Bolivian Boliviano" },
  { "country": "Bosnia and Herzegovina", "code": "BAM", "symbol": "KM", "iso2": "BA", "name": "Bosnia Mark" },
  { "country": "Botswana", "code": "BWP", "symbol": "P", "iso2": "BW", "name": "Botswana Pula" },
  { "country": "Brazil", "code": "BRL", "symbol": "R$", "iso2": "BR", "name": "Brazilian Real" },
  { "country": "Brunei", "code": "BND", "symbol": "$", "iso2": "BN", "name": "Brunei Dollar" },
  { "country": "Bulgaria", "code": "BGN", "symbol": "лв", "iso2": "BG", "name": "Bulgarian Lev" },
  { "country": "Burkina Faso", "code": "XOF", "symbol": "Fr", "iso2": "BF", "name": "West African Franc" },
  { "country": "Burundi", "code": "BIF", "symbol": "Fr", "iso2": "BI", "name": "Burundian Franc" },
  { "country": "Cambodia", "code": "KHR", "symbol": "៛", "iso2": "KH", "name": "Cambodian Riel" },
  { "country": "Cameroon", "code": "XAF", "symbol": "Fr", "iso2": "CM", "name": "Central African Franc" },
  { "country": "Canada", "code": "CAD", "symbol": "$", "iso2": "CA", "name": "Canadian Dollar" },
  { "country": "Cape Verde", "code": "CVE", "symbol": "$", "iso2": "CV", "name": "Cape Verdean Escudo" },
  { "country": "Central African Republic", "code": "XAF", "symbol": "Fr", "iso2": "CF", "name": "Central African Franc" },
  { "country": "Chad", "code": "XAF", "symbol": "Fr", "iso2": "TD", "name": "Central African Franc" },
  { "country": "Chile", "code": "CLP", "symbol": "$", "iso2": "CL", "name": "Chilean Peso" },
  { "country": "China", "code": "CNY", "symbol": "¥", "iso2": "CN", "name": "Chinese Yuan" },
  { "country": "Colombia", "code": "COP", "symbol": "$", "iso2": "CO", "name": "Colombian Peso" },
  { "country": "Comoros", "code": "KMF", "symbol": "Fr", "iso2": "KM", "name": "Comorian Franc" },
  { "country": "Congo", "code": "XAF", "symbol": "Fr", "iso2": "CG", "name": "Central African Franc" },
  { "country": "Costa Rica", "code": "CRC", "symbol": "₡", "iso2": "CR", "name": "Costa Rican Colón" },
  { "country": "Croatia", "code": "EUR", "symbol": "€", "iso2": "HR", "name": "Euro" },
  { "country": "Cuba", "code": "CUP", "symbol": "₱", "iso2": "CU", "name": "Cuban Peso" },
  { "country": "Cyprus", "code": "EUR", "symbol": "€", "iso2": "CY", "name": "Euro" },
  { "country": "Czech Republic", "code": "CZK", "symbol": "Kč", "iso2": "CZ", "name": "Czech Koruna" },
  { "country": "Denmark", "code": "DKK", "symbol": "kr", "iso2": "DK", "name": "Danish Krone" },
  { "country": "Djibouti", "code": "DJF", "symbol": "Fr", "iso2": "DJ", "name": "Djiboutian Franc" },
  { "country": "Dominica", "code": "XCD", "symbol": "$", "iso2": "DM", "name": "East Caribbean Dollar" },
  { "country": "Dominican Republic", "code": "DOP", "symbol": "$", "iso2": "DO", "name": "Dominican Peso" },
  { "country": "East Timor", "code": "USD", "symbol": "$", "iso2": "TL", "name": "United States Dollar" },
  { "country": "Ecuador", "code": "USD", "symbol": "$", "iso2": "EC", "name": "United States Dollar" },
  { "country": "Egypt", "code": "EGP", "symbol": "£", "iso2": "EG", "name": "Egyptian Pound" },
  { "country": "El Salvador", "code": "USD", "symbol": "$", "iso2": "SV", "name": "United States Dollar" },
  { "country": "Equatorial Guinea", "code": "XAF", "symbol": "Fr", "iso2": "GQ", "name": "Central African Franc" },
  { "country": "Eritrea", "code": "ERN", "symbol": "Nfk", "iso2": "ER", "name": "Eritrean Nakfa" },
  { "country": "Estonia", "code": "EUR", "symbol": "€", "iso2": "EE", "name": "Euro" },
  { "country": "Ethiopia", "code": "ETB", "symbol": "Br", "iso2": "ET", "name": "Ethiopian Birr" },
  { "country": "Fiji", "code": "FJD", "symbol": "$", "iso2": "FJ", "name": "Fiji Dollar" },
  { "country": "Finland", "code": "EUR", "symbol": "€", "iso2": "FI", "name": "Euro" },
  { "country": "France", "code": "EUR", "symbol": "€", "iso2": "FR", "name": "Euro" },
  { "country": "Gabon", "code": "XAF", "symbol": "Fr", "iso2": "GA", "name": "Central African Franc" },
  { "country": "Gambia", "code": "GMD", "symbol": "D", "iso2": "GM", "name": "Gambian Dalasi" },
  { "country": "Georgia", "code": "GEL", "symbol": "₾", "iso2": "GE", "name": "Georgian Lari" },
  { "country": "Germany", "code": "EUR", "symbol": "€", "iso2": "DE", "name": "Euro" },
  { "country": "Ghana", "code": "GHS", "symbol": "₵", "iso2": "GH", "name": "Ghanaian Cedi" },
  { "country": "Greece", "code": "EUR", "symbol": "€", "iso2": "GR", "name": "Euro" },
  { "country": "Grenada", "code": "XCD", "symbol": "$", "iso2": "GD", "name": "East Caribbean Dollar" },
  { "country": "Guatemala", "code": "GTQ", "symbol": "Q", "iso2": "GT", "name": "Guatemalan Quetzal" },
  { "country": "Guinea", "code": "GNF", "symbol": "Fr", "iso2": "GN", "name": "Guinean Franc" },
  { "country": "Guinea-Bissau", "code": "XOF", "symbol": "Fr", "iso2": "GW", "name": "West African Franc" },
  { "country": "Guyana", "code": "GYD", "symbol": "$", "iso2": "GY", "name": "Guyanese Dollar" },
  { "country": "Haiti", "code": "HTG", "symbol": "G", "iso2": "HT", "name": "Haitian Gourde" },
  { "country": "Honduras", "code": "HNL", "symbol": "L", "iso2": "HN", "name": "Honduran Lempira" },
  { "country": "Hong Kong", "code": "HKD", "symbol": "$", "iso2": "HK", "name": "Hong Kong Dollar" },
  { "country": "Hungary", "code": "HUF", "symbol": "Ft", "iso2": "HU", "name": "Hungarian Forint" },
  { "country": "Iceland", "code": "ISK", "symbol": "kr", "iso2": "IS", "name": "Icelandic Króna" },
  { "country": "India", "code": "INR", "symbol": "₹", "iso2": "IN", "name": "Indian Rupee" },
  { "country": "Indonesia", "code": "IDR", "symbol": "Rp", "iso2": "ID", "name": "Indonesian Rupiah" },
  { "country": "Iran", "code": "IRR", "symbol": "﷼", "iso2": "IR", "name": "Iranian Rial" },
  { "country": "Iraq", "code": "IQD", "symbol": "ع.د", "iso2": "IQ", "name": "Iraqi Dinar" },
  { "country": "Ireland", "code": "EUR", "symbol": "€", "iso2": "IE", "name": "Euro" },
  { "country": "Israel", "code": "ILS", "symbol": "₪", "iso2": "IL", "name": "Israeli Shekel" },
  { "country": "Italy", "code": "EUR", "symbol": "€", "iso2": "IT", "name": "Euro" },
  { "country": "Ivory Coast", "code": "XOF", "symbol": "Fr", "iso2": "CI", "name": "West African Franc" },
  { "country": "Jamaica", "code": "JMD", "symbol": "$", "iso2": "JM", "name": "Jamaican Dollar" },
  { "country": "Japan", "code": "JPY", "symbol": "¥", "iso2": "JP", "name": "Japanese Yen" },
  { "country": "Jordan", "code": "JOD", "symbol": "د.ا", "iso2": "JO", "name": "Jordanian Dinar" },
  { "country": "Kazakhstan", "code": "KZT", "symbol": "₸", "iso2": "KZ", "name": "Kazakhstani Tenge" },
  { "country": "Kenya", "code": "KES", "symbol": "Sh", "iso2": "KE", "name": "Kenyan Shilling" },
  { "country": "Kiribati", "code": "AUD", "symbol": "$", "iso2": "KI", "name": "Australian Dollar" },
  { "country": "North Korea", "code": "KPW", "symbol": "₩", "iso2": "KP", "name": "North Korean Won" },
  { "country": "South Korea", "code": "KRW", "symbol": "₩", "iso2": "KR", "name": "South Korean Won" },
  { "country": "Kuwait", "code": "KWD", "symbol": "د.ك", "iso2": "KW", "name": "Kuwaiti Dinar" },
  { "country": "Kyrgyzstan", "code": "KGS", "symbol": "с", "iso2": "KG", "name": "Kyrgyzstani Som" },
  { "country": "Laos", "code": "LAK", "symbol": "₭", "iso2": "LA", "name": "Laotian Kip" },
  { "country": "Latvia", "code": "EUR", "symbol": "€", "iso2": "LV", "name": "Euro" },
  { "country": "Lebanon", "code": "LBP", "symbol": "£", "iso2": "LB", "name": "Lebanese Pound" },
  { "country": "Lesotho", "code": "LSL", "symbol": "L", "iso2": "LS", "name": "Lesotho Loti" },
  { "country": "Liberia", "code": "LRD", "symbol": "$", "iso2": "LR", "name": "Liberian Dollar" },
  { "country": "Libya", "code": "LYD", "symbol": "ل.د", "iso2": "LY", "name": "Libyan Dinar" },
  { "country": "Liechtenstein", "code": "CHF", "symbol": "Fr", "iso2": "LI", "name": "Swiss Franc" },
  { "country": "Lithuania", "code": "EUR", "symbol": "€", "iso2": "LT", "name": "Euro" },
  { "country": "Luxembourg", "code": "EUR", "symbol": "€", "iso2": "LU", "name": "Euro" },
  { "country": "Macau", "code": "MOP", "symbol": "P", "iso2": "MO", "name": "Macanese Pataca" },
  { "country": "Madagascar", "code": "MGA", "symbol": "Ar", "iso2": "MG", "name": "Malagasy Ariary" },
  { "country": "Malawi", "code": "MWK", "symbol": "MK", "iso2": "MW", "name": "Malawian Kwacha" },
  { "country": "Malaysia", "code": "MYR", "symbol": "RM", "iso2": "MY", "name": "Malaysian Ringgit" },
  { "country": "Maldives", "code": "MVR", "symbol": "Rf", "iso2": "MV", "name": "Maldivian Rufiyaa" },
  { "country": "Mali", "code": "XOF", "symbol": "Fr", "iso2": "ML", "name": "West African Franc" },
  { "country": "Malta", "code": "EUR", "symbol": "€", "iso2": "MT", "name": "Euro" },
  { "country": "Marshall Islands", "code": "USD", "symbol": "$", "iso2": "MH", "name": "United States Dollar" },
  { "country": "Mauritania", "code": "MRU", "symbol": "UM", "iso2": "MR", "name": "Mauritanian Ouguiya" },
  { "country": "Mauritius", "code": "MUR", "symbol": "₨", "iso2": "MU", "name": "Mauritian Rupee" },
  { "country": "Mexico", "code": "MXN", "symbol": "$", "iso2": "MX", "name": "Mexican Peso" },
  { "country": "Micronesia", "code": "USD", "symbol": "$", "iso2": "FM", "name": "United States Dollar" },
  { "country": "Moldova", "code": "MDL", "symbol": "L", "iso2": "MD", "name": "Moldovan Leu" },
  { "country": "Monaco", "code": "EUR", "symbol": "€", "iso2": "MC", "name": "Euro" },
  { "country": "Mongolia", "code": "MNT", "symbol": "₮", "iso2": "MN", "name": "Mongolian Tugrik" },
  { "country": "Montenegro", "code": "EUR", "symbol": "€", "iso2": "ME", "name": "Euro" },
  { "country": "Morocco", "code": "MAD", "symbol": "د.م.", "iso2": "MA", "name": "Moroccan Dirham" },
  { "country": "Mozambique", "code": "MZN", "symbol": "MT", "iso2": "MZ", "name": "Mozambican Metical" },
  { "country": "Myanmar", "code": "MMK", "symbol": "K", "iso2": "MM", "name": "Myanmar Kyat" },
  { "country": "Namibia", "code": "NAD", "symbol": "$", "iso2": "NA", "name": "Namibian Dollar" },
  { "country": "Nauru", "code": "AUD", "symbol": "$", "iso2": "NR", "name": "Australian Dollar" },
  { "country": "Nepal", "code": "NPR", "symbol": "₨", "iso2": "NP", "name": "Nepalese Rupee" },
  { "country": "Netherlands", "code": "EUR", "symbol": "€", "iso2": "NL", "name": "Euro" },
  { "country": "New Zealand", "code": "NZD", "symbol": "$", "iso2": "NZ", "name": "New Zealand Dollar" },
  { "country": "Nicaragua", "code": "NIO", "symbol": "C$", "iso2": "NI", "name": "Nicaraguan Córdoba" },
  { "country": "Niger", "code": "XOF", "symbol": "Fr", "iso2": "NE", "name": "West African Franc" },
  { "country": "Nigeria", "code": "NGN", "symbol": "₦", "iso2": "NG", "name": "Nigerian Naira" },
  { "country": "North Macedonia", "code": "MKD", "symbol": "ден", "iso2": "MK", "name": "Macedonian Denar" },
  { "country": "Norway", "code": "NOK", "symbol": "kr", "iso2": "NO", "name": "Norwegian Krone" },
  { "country": "Oman", "code": "OMR", "symbol": "ر.ع.", "iso2": "OM", "name": "Omani Rial" },
  { "country": "Pakistan", "code": "PKR", "symbol": "₨", "iso2": "PK", "name": "Pakistani Rupee" },
  { "country": "Palau", "code": "USD", "symbol": "$", "iso2": "PW", "name": "United States Dollar" },
  { "country": "Palestine", "code": "ILS", "symbol": "₪", "iso2": "PS", "name": "Israeli Shekel" },
  { "country": "Panama", "code": "PAB", "symbol": "B/.", "iso2": "PA", "name": "Panamanian Balboa" },
  { "country": "Papua New Guinea", "code": "PGK", "symbol": "K", "iso2": "PG", "name": "Papua New Guinean Kina" },
  { "country": "Paraguay", "code": "PYG", "symbol": "₲", "iso2": "PY", "name": "Paraguayan Guarani" },
  { "country": "Peru", "code": "PEN", "symbol": "S/", "iso2": "PE", "name": "Peruvian Sol" },
  { "country": "Philippines", "code": "PHP", "symbol": "₱", "iso2": "PH", "name": "Philippine Peso" },
  { "country": "Poland", "code": "PLN", "symbol": "zł", "iso2": "PL", "name": "Polish Zloty" },
  { "country": "Portugal", "code": "EUR", "symbol": "€", "iso2": "PT", "name": "Euro" },
  { "country": "Qatar", "code": "QAR", "symbol": "ر.ق", "iso2": "QA", "name": "Qatari Riyal" },
  { "country": "Romania", "code": "RON", "symbol": "lei", "iso2": "RO", "name": "Romanian Leu" },
  { "country": "Russia", "code": "RUB", "symbol": "₽", "iso2": "RU", "name": "Russian Ruble" },
  { "country": "Rwanda", "code": "RWF", "symbol": "Fr", "iso2": "RW", "name": "Rwandan Franc" },
  { "country": "Saint Kitts and Nevis", "code": "XCD", "symbol": "$", "iso2": "KN", "name": "East Caribbean Dollar" },
  { "country": "Saint Lucia", "code": "XCD", "symbol": "$", "iso2": "LC", "name": "East Caribbean Dollar" },
  { "country": "Saint Vincent and the Grenadines", "code": "XCD", "symbol": "$", "iso2": "VC", "name": "East Caribbean Dollar" },
  { "country": "Samoa", "code": "WST", "symbol": "T", "iso2": "WS", "name": "Samoan Tala" },
  { "country": "San Marino", "code": "EUR", "symbol": "€", "iso2": "SM", "name": "Euro" },
  { "country": "São Tomé and Príncipe", "code": "STN", "symbol": "Db", "iso2": "ST", "name": "São Tomé and Príncipe Dobra" },
  { "country": "Saudi Arabia", "code": "SAR", "symbol": "ر.س", "iso2": "SA", "name": "Saudi Riyal" },
  { "country": "Senegal", "code": "XOF", "symbol": "Fr", "iso2": "SN", "name": "West African Franc" },
  { "country": "Serbia", "code": "RSD", "symbol": "дин", "iso2": "RS", "name": "Serbian Dinar" },
  { "country": "Seychelles", "code": "SCR", "symbol": "₨", "iso2": "SC", "name": "Seychellois Rupee" },
  { "country": "Sierra Leone", "code": "SLL", "symbol": "Le", "iso2": "SL", "name": "Sierra Leonean Leone" },
  { "country": "Singapore", "code": "SGD", "symbol": "$", "iso2": "SG", "name": "Singapore Dollar" },
  { "country": "Slovakia", "code": "EUR", "symbol": "€", "iso2": "SK", "name": "Euro" },
  { "country": "Slovenia", "code": "EUR", "symbol": "€", "iso2": "SI", "name": "Euro" },
  { "country": "Solomon Islands", "code": "SBD", "symbol": "$", "iso2": "SB", "name": "Solomon Islands Dollar" },
  { "country": "Somalia", "code": "SOS", "symbol": "Sh", "iso2": "SO", "name": "Somali Shilling" },
  { "country": "South Africa", "code": "ZAR", "symbol": "R", "iso2": "ZA", "name": "South African Rand" },
  { "country": "South Sudan", "code": "SSP", "symbol": "£", "iso2": "SS", "name": "South Sudanese Pound" },
  { "country": "Spain", "code": "EUR", "symbol": "€", "iso2": "ES", "name": "Euro" },
  { "country": "Sri Lanka", "code": "LKR", "symbol": "₨", "iso2": "LK", "name": "Sri Lankan Rupee" },
  { "country": "Sudan", "code": "SDG", "symbol": "ج.س.", "iso2": "SD", "name": "Sudanese Pound" },
  { "country": "Suriname", "code": "SRD", "symbol": "$", "iso2": "SR", "name": "Surinamese Dollar" },
  { "country": "Sweden", "code": "SEK", "symbol": "kr", "iso2": "SE", "name": "Swedish Krona" },
  { "country": "Switzerland", "code": "CHF", "symbol": "Fr", "iso2": "CH", "name": "Swiss Franc" },
  { "country": "Syria", "code": "SYP", "symbol": "£", "iso2": "SY", "name": "Syrian Pound" },
  { "country": "Taiwan", "code": "TWD", "symbol": "$", "iso2": "TW", "name": "New Taiwan Dollar" },
  { "country": "Tajikistan", "code": "TJS", "symbol": "ЅМ", "iso2": "TJ", "name": "Tajikistani Somoni" },
  { "country": "Tanzania", "code": "TZS", "symbol": "Sh", "iso2": "TZ", "name": "Tanzanian Shilling" },
  { "country": "Thailand", "code": "THB", "symbol": "฿", "iso2": "TH", "name": "Thai Baht" },
  { "country": "Togo", "code": "XOF", "symbol": "Fr", "iso2": "TG", "name": "West African Franc" },
  { "country": "Tonga", "code": "TOP", "symbol": "T$", "iso2": "TO", "name": "Tongan Pa'anga" },
  { "country": "Trinidad and Tobago", "code": "TTD", "symbol": "$", "iso2": "TT", "name": "Trinidad and Tobago Dollar" },
  { "country": "Tunisia", "code": "TND", "symbol": "د.ت", "iso2": "TN", "name": "Tunisian Dinar" },
  { "country": "Turkey", "code": "TRY", "symbol": "₺", "iso2": "TR", "name": "Turkish Lira" },
  { "country": "Turkmenistan", "code": "TMT", "symbol": "m", "iso2": "TM", "name": "Turkmenistani Manat" },
  { "country": "Tuvalu", "code": "AUD", "symbol": "$", "iso2": "TV", "name": "Australian Dollar" },
  { "country": "Uganda", "code": "UGX", "symbol": "Sh", "iso2": "UG", "name": "Ugandan Shilling" },
  { "country": "Ukraine", "code": "UAH", "symbol": "₴", "iso2": "UA", "name": "Ukrainian Hryvnia" },
  { "country": "United Arab Emirates", "code": "AED", "symbol": "د.إ", "iso2": "AE", "name": "UAE Dirham" },
  { "country": "United Kingdom", "code": "GBP", "symbol": "£", "iso2": "GB", "name": "British Pound" },
  { "country": "United States", "code": "USD", "symbol": "$", "iso2": "US", "name": "United States Dollar" },
  { "country": "Uruguay", "code": "UYU", "symbol": "$U", "iso2": "UY", "name": "Uruguayan Peso" },
  { "country": "Uzbekistan", "code": "UZS", "symbol": "soʻm", "iso2": "UZ", "name": "Uzbekistani Som" },
  { "country": "Vanuatu", "code": "VUV", "symbol": "Vt", "iso2": "VU", "name": "Vanuatu Vatu" },
  { "country": "Vatican City", "code": "EUR", "symbol": "€", "iso2": "VA", "name": "Euro" },
  { "country": "Venezuela", "code": "VEF", "symbol": "Bs.", "iso2": "VE", "name": "Venezuelan Bolívar" },
  { "country": "Vietnam", "code": "VND", "symbol": "₫", "iso2": "VN", "name": "Vietnamese Dong" },
  { "country": "Yemen", "code": "YER", "symbol": "﷼", "iso2": "YE", "name": "Yemeni Rial" },
  { "country": "Zambia", "code": "ZMW", "symbol": "ZK", "iso2": "ZM", "name": "Zambian Kwacha" },
  { "country": "Zimbabwe", "code": "ZWL", "symbol": "$", "iso2": "ZW", "name": "Zimbabwean Dollar" }
]
